Impressions,From Home,From Hashtags,From Explore,From Other,Saves,Comments,Shares,Likes,Profile Visits,Follows,Caption,Hashtags,Followers
16795,4340,1834,177,167,187,20,42,203,286,5,The future of AI. #ai #machinelearning #future,#tech #marketing #data,44282
1860,1528,1943,67,156,172,73,15,299,14,1,Behind the scenes. #worklife #office #culture,#tech #marketing #data,7708
6390,7885,588,1866,154,389,16,16,723,101,19,How to optimize your Instagram? #socialmedia #marketingtips,#tech #marketing #data,16694
12964,1002,3076,1808,129,42,29,32,487,179,27,Tech tips Tuesday! #techtips #coding #development,#tech #marketing #data,14524
12284,7410,2059,615,328,426,56,2,167,31,10,Amazing day at Alfido Tech! #alfidotech #innovation,#tech #marketing #data,36880
7265,9562,2485,619,284,454,89,4,820,10,3,The future of AI. #ai #machinelearning #future,#tech #marketing #data,44224
17850,7438,3019,1396,101,188,57,17,1964,142,14,Amazing day at Alfido Tech! #alfidotech #innovation,#tech #marketing #data,41980
5426,4988,4836,1945,67,436,27,24,1379,242,5,Success is a journey. #motivation #success,#tech #marketing #data,37409
15423,706,1902,735,448,110,20,12,317,21,48,Amazing day at Alfido Tech! #alfidotech #innovation,#tech #marketing #data,18224
12363,5634,4161,1865,355,277,61,13,1127,55,29,Amazing day at Alfido Tech! #alfidotech #innovation,#tech #marketing #data,45738
17023,6477,3469,675,238,332,43,11,285,43,37,The future of AI. #ai #machinelearning #future,#tech #marketing #data,30150
9322,8221,362,1361,483,74,57,33,438,87,1,Data is the new oil. #dataanalytics #bigdata #tech,#tech #marketing #data,39393
2685,7535,723,903,126,426,46,17,1039,227,14,Join our community today. #community #growth,#tech #marketing #data,48082
1769,1984,1116,1736,327,177,62,9,1807,82,10,Behind the scenes. #worklife #office #culture,#tech #marketing #data,12973
3433,8358,3743,1011,288,339,43,39,812,291,7,Behind the scenes. #worklife #office #culture,#tech #marketing #data,13577
6311,1363,2149,1712,136,52,18,13,1898,258,25,How to optimize your Instagram? #socialmedia #marketingtips,#tech #marketing #data,13070
6051,3290,3823,204,402,53,99,25,450,56,44,The future of AI. #ai #machinelearning #future,#tech #marketing #data,13666
7420,7908,4648,539,405,294,9,29,673,130,43,How to optimize your Instagram? #socialmedia #marketingtips,#tech #marketing #data,41368
18568,9255,3208,1459,138,406,39,9,816,223,4,Tech tips Tuesday! #techtips #coding #development,#tech #marketing #data,11783
7396,5616,4190,834,67,21,91,29,1376,248,5,Tech tips Tuesday! #techtips #coding #development,#tech #marketing #data,46914
9666,6519,2156,1177,131,104,97,37,968,65,25,How to optimize your Instagram? #socialmedia #marketingtips,#tech #marketing #data,9971
19942,2257,3270,1466,10,311,79,27,1280,116,3,The future of AI. #ai #machinelearning #future,#tech #marketing #data,18490
19431,8074,1782,1884,248,395,22,9,1302,57,18,How to optimize your Instagram? #socialmedia #marketingtips,#tech #marketing #data,6990
3747,6874,2355,295,299,262,80,29,902,70,19,Behind the scenes. #worklife #office #culture,#tech #marketing #data,10299
1189,7392,1254,1249,105,251,13,29,1983,35,32,Analytical thinking 101. #analytics #strategy,#tech #marketing #data,24956
4005,2178,4599,1112,135,44,78,38,627,266,19,New reel alert! #reels #viral #trending,#tech #marketing #data,27359
2899,3742,3291,1550,127,224,62,42,124,17,48,Amazing day at Alfido Tech! #alfidotech #innovation,#tech #marketing #data,42148
2267,5136,1796,1755,57,346,21,37,484,122,11,New reel alert! #reels #viral #trending,#tech #marketing #data,33734
18912,1559,4091,808,98,99,11,28,152,262,46,The future of AI. #ai #machinelearning #future,#tech #marketing #data,9757
12394,7168,4823,587,497,273,50,18,1495,189,0,New reel alert! #reels #viral #trending,#tech #marketing #data,24097
4556,3657,4782,1940,246,102,17,10,1777,216,25,Tech tips Tuesday! #techtips #coding #development,#tech #marketing #data,15395
4890,6415,1748,1891,382,419,44,34,813,136,13,Success is a journey. #motivation #success,#tech #marketing #data,21241
9838,3193,1545,970,394,467,46,21,787,65,37,Amazing day at Alfido Tech! #alfidotech #innovation,#tech #marketing #data,43356
15502,4127,4299,457,281,99,13,14,855,223,36,Join our community today. #community #growth,#tech #marketing #data,32696
11627,5950,4023,574,198,427,54,29,1379,23,10,The future of AI. #ai #machinelearning #future,#tech #marketing #data,9944
9792,2163,353,877,496,124,31,49,147,37,35,Amazing day at Alfido Tech! #alfidotech #innovation,#tech #marketing #data,24816
11555,6092,3283,1579,201,114,70,30,1923,87,12,New reel alert! #reels #viral #trending,#tech #marketing #data,42011
11253,7892,2657,952,456,400,9,14,847,225,42,Tech tips Tuesday! #techtips #coding #development,#tech #marketing #data,29917
9433,1806,198,1898,78,205,33,47,1408,163,2,Data is the new oil. #dataanalytics #bigdata #tech,#tech #marketing #data,36195
11233,7276,2300,85,287,323,41,36,908,23,32,Analytical thinking 101. #analytics #strategy,#tech #marketing #data,26566
12016,6364,3061,734,358,123,42,7,484,196,5,Join our community today. #community #growth,#tech #marketing #data,14916
3612,9974,4533,69,256,84,87,19,496,16,49,Analytical thinking 101. #analytics #strategy,#tech #marketing #data,25806
16787,8026,3877,370,460,422,12,6,1381,12,9,Amazing day at Alfido Tech! #alfidotech #innovation,#tech #marketing #data,14984
18159,9401,2969,1849,85,385,69,48,298,120,4,Tech tips Tuesday! #techtips #coding #development,#tech #marketing #data,6759
13206,6075,3334,561,163,429,90,26,215,247,22,Tech tips Tuesday! #techtips #coding #development,#tech #marketing #data,46949
9226,6030,3891,449,153,226,21,3,1554,248,9,New reel alert! #reels #viral #trending,#tech #marketing #data,31838
15541,4913,1056,703,444,286,75,11,1033,283,43,Behind the scenes. #worklife #office #culture,#tech #marketing #data,7482
4152,4248,4167,1021,494,258,93,31,1408,236,1,New reel alert! #reels #viral #trending,#tech #marketing #data,29442
2585,1163,260,1956,95,173,49,46,1069,24,12,Behind the scenes. #worklife #office #culture,#tech #marketing #data,38719
4943,2498,4593,520,194,403,8,6,591,201,39,Behind the scenes. #worklife #office #culture,#tech #marketing #data,32965
2021,8494,1400,1216,294,366,40,34,808,128,1,Join our community today. #community #growth,#tech #marketing #data,7079
12653,1995,4087,1165,471,466,74,2,1179,37,19,New reel alert! #reels #viral #trending,#tech #marketing #data,7717
11805,3804,1627,1427,229,417,35,19,1636,211,0,Data is the new oil. #dataanalytics #bigdata #tech,#tech #marketing #data,32952
14417,4263,1318,883,78,201,23,33,130,48,36,How to optimize your Instagram? #socialmedia #marketingtips,#tech #marketing #data,25908
8989,5732,4596,1873,56,236,65,48,182,282,8,How to optimize your Instagram? #socialmedia #marketingtips,#tech #marketing #data,47460
10692,2353,4835,776,103,186,58,12,846,240,16,New reel alert! #reels #viral #trending,#tech #marketing #data,29861
13990,7085,3204,903,247,108,43,22,949,95,8,New reel alert! #reels #viral #trending,#tech #marketing #data,12311
7873,1791,2835,100,455,45,95,27,187,135,10,Analytical thinking 101. #analytics #strategy,#tech #marketing #data,33071
6675,4081,4655,1738,462,475,78,26,233,34,14,Join our community today. #community #growth,#tech #marketing #data,28570
1161,8054,1054,1771,213,496,94,23,1474,154,23,New reel alert! #reels #viral #trending,#tech #marketing #data,23449
5297,7780,4665,624,409,105,23,28,1403,22,37,Analytical thinking 101. #analytics #strategy,#tech #marketing #data,38536
1995,2136,3546,1263,227,161,43,14,834,221,34,Behind the scenes. #worklife #office #culture,#tech #marketing #data,43258
12534,4196,1145,1198,483,160,71,34,1581,34,29,Tech tips Tuesday! #techtips #coding #development,#tech #marketing #data,33865
8629,1198,1793,199,441,199,49,35,1925,77,30,Tech tips Tuesday! #techtips #coding #development,#tech #marketing #data,11645
2016,5237,3536,363,350,233,17,42,1033,76,48,Behind the scenes. #worklife #office #culture,#tech #marketing #data,43000
9529,1354,662,619,48,46,96,36,118,242,4,The future of AI. #ai #machinelearning #future,#tech #marketing #data,31737
18262,8664,2585,1415,109,277,62,2,595,118,43,Analytical thinking 101. #analytics #strategy,#tech #marketing #data,16485
10268,6355,3454,354,298,378,24,22,1847,155,49,Analytical thinking 101. #analytics #strategy,#tech #marketing #data,43565
13185,7892,325,1765,263,192,96,49,102,120,13,Behind the scenes. #worklife #office #culture,#tech #marketing #data,30522
7331,7028,4993,731,231,22,76,7,1523,237,10,Data is the new oil. #dataanalytics #bigdata #tech,#tech #marketing #data,17342
9571,5749,1059,887,366,288,65,29,254,120,8,Success is a journey. #motivation #success,#tech #marketing #data,45806
8208,5672,4648,1856,32,226,43,18,175,43,33,Amazing day at Alfido Tech! #alfidotech #innovation,#tech #marketing #data,18087
6276,2207,3167,1127,259,364,5,6,1820,120,11,Behind the scenes. #worklife #office #culture,#tech #marketing #data,42641
19446,6291,915,1052,19,370,7,32,92,273,34,New reel alert! #reels #viral #trending,#tech #marketing #data,39249
17448,6035,4854,493,255,295,81,6,1825,245,34,New reel alert! #reels #viral #trending,#tech #marketing #data,15093
17216,5431,4742,662,334,282,96,39,1956,92,0,Join our community today. #community #growth,#tech #marketing #data,21438
9006,4010,3220,1042,109,378,66,4,160,51,39,Behind the scenes. #worklife #office #culture,#tech #marketing #data,45411
3568,702,116,313,299,71,67,24,810,110,21,Join our community today. #community #growth,#tech #marketing #data,31399
3027,4718,1343,1126,189,93,29,38,1736,15,28,Behind the scenes. #worklife #office #culture,#tech #marketing #data,24846
3695,9458,2305,1645,232,377,60,38,1256,189,7,Analytical thinking 101. #analytics #strategy,#tech #marketing #data,20708
16422,4889,2624,1053,403,226,37,11,897,291,10,Amazing day at Alfido Tech! #alfidotech #innovation,#tech #marketing #data,49039
6258,2827,1169,1693,259,351,42,11,144,235,40,Analytical thinking 101. #analytics #strategy,#tech #marketing #data,15998
7736,8504,3544,54,156,406,10,20,1447,238,36,Success is a journey. #motivation #success,#tech #marketing #data,35678
1391,3431,2665,1176,451,196,62,18,1985,298,13,Tech tips Tuesday! #techtips #coding #development,#tech #marketing #data,15682
14986,8277,1160,1269,105,28,48,22,1593,159,29,How to optimize your Instagram? #socialmedia #marketingtips,#tech #marketing #data,13519
13666,697,2427,823,266,186,49,15,949,286,34,Behind the scenes. #worklife #office #culture,#tech #marketing #data,36480
6892,7625,3520,926,334,109,36,10,409,207,20,Success is a journey. #motivation #success,#tech #marketing #data,24694
4561,2430,401,1041,13,405,49,47,949,79,36,Tech tips Tuesday! #techtips #coding #development,#tech #marketing #data,8300
7184,6787,4376,933,25,454,65,2,1769,121,4,The future of AI. #ai #machinelearning #future,#tech #marketing #data,11722
9392,9300,706,1423,289,242,51,46,330,13,18,Amazing day at Alfido Tech! #alfidotech #innovation,#tech #marketing #data,44986
14067,9839,3270,96,345,412,25,14,1268,104,13,Join our community today. #community #growth,#tech #marketing #data,29160
16265,4782,799,916,256,85,84,5,1937,161,25,Join our community today. #community #growth,#tech #marketing #data,25059
3454,3011,1239,872,267,274,89,2,1268,146,3,Analytical thinking 101. #analytics #strategy,#tech #marketing #data,40822
12837,1159,290,985,485,464,79,41,716,256,24,New reel alert! #reels #viral #trending,#tech #marketing #data,18575
15039,3311,2400,1893,393,293,40,33,142,252,44,Tech tips Tuesday! #techtips #coding #development,#tech #marketing #data,12970
11965,7598,1080,705,169,215,23,35,721,40,41,The future of AI. #ai #machinelearning #future,#tech #marketing #data,39911
10762,7046,3075,318,484,232,24,29,110,49,24,Success is a journey. #motivation #success,#tech #marketing #data,26591
6056,2486,1284,419,349,393,61,32,683,238,17,Amazing day at Alfido Tech! #alfidotech #innovation,#tech #marketing #data,36821
15948,8838,3427,685,161,61,22,9,1124,45,39,Tech tips Tuesday! #techtips #coding #development,#tech #marketing #data,14503
9110,3411,3494,1179,405,348,51,40,1476,232,7,The future of AI. #ai #machinelearning #future,#tech #marketing #data,23922
